{
  "type": "gaussian_nb",
  "feature_count": 57,
  "classes": [
    0,
    1
  ],
  "means": [
    [
      0.06976681614349775,
      0.24827802690582948,
      0.19261883408071734,
      0.0008385650224215247,
      0.1864484304932736,
      0.04545291479820626,
      0.009614349775784754,
      0.040511210762331835,
      0.034672645739910295,
      0.16593273542600911,
      0.021843049327354258,
      0.5355336322869948,
      0.058286995515695085,
      0.04271748878923768,
      0.007488789237668161,
      0.08031838565022414,
      0.047551569506726475,
      0.09471748878923766,
      1.2656188340807197,
      0.006748878923766817,
      0.4426143497757845,
      0.04065470852017937,
      0.00814798206278027,
      0.016291479820627803,
      0.9047309417040365,
      0.42468161434977575,
      1.321618834080717,
      0.201408071748879,
      0.16158744394618815,
      0.17450224215246635,
      0.10357847533632285,
      0.0819237668161435,
      0.15737668161434973,
      0.08206278026905829,
      0.17883856502242151,
      0.14673542600896866,
      0.19513901345291482,
      0.022547085201793732,
      0.12075336322869962,
      0.08304932735426011,
      0.0775022421524664,
      0.21842152466367692,
      0.07047982062780267,
      0.1318744394618834,
      0.43718385650224245,
      0.2965336322869956,
      0.007713004484304933,
      0.0520896860986547,
      0.048092376681614375,
      0.1594417040358745,
      0.022797757847533635,
      0.11224215246636773,
      0.011617040358744387,
      0.022093273542600902,
      2.3943215246636713,
      18.284304932735427,
      162.97892376681614
    ],
    [
      0.15106896551724142,
      0.16837931034482762,
      0.40833103448275787,
      0.17477931034482758,
      0.5145931034482752,
      0.1743379310344829,
      0.27446206896551706,
      0.19551724137931034,
      0.17061379310344835,
      0.3494413793103454,
      0.11390344827586209,
      0.550055172413793,
      0.14190344827586204,
      0.09005517241379306,
      0.11118620689655179,
      0.5338620689655175,
      0.2852068965517245,
      0.3150551724137934,
      2.295717241379309,
      0.1873379310344825,
      1.3728689655172417,
      0.24920000000000006,
      0.2414137931034484,
      0.2240206896551725,
      0.017055172413793104,
      0.009944827586206894,
      0.0009310344827586206,
      0.02133103448275862,
      0.0007793103448275862,
      0.007344827586206897,
      0.0015931034482758624,
      0.0006482758620689655,
      0.015937931034482752,
      0.001993103448275862,
      0.006289655172413792,
      0.029455172413793095,
      0.04608965517241381,
      0.005379310344827587,
      0.0122551724137931,
      0.037137931034482756,
      0.0,
      0.0027310344827586206,
      0.009662068965517235,
      0.00586206896551724,
      0.11884137931034486,
      0.015717241379310343,
      0.0009517241379310347,
      0.0019655172413793106,
      0.02250620689655172,
      0.10943931034482747,
      0.00758206896551724,
      0.5159268965517237,
      0.16471586206896557,
      0.08540413793103462,
      10.087703448275855,
      107.51655172413793,
      480.5041379310345
    ]
  ],
  "vars": [
    [
      0.07722407218582505,
      2.69143488334219,
      0.23809583329101988,
      0.0005071453423354232,
      0.38972424834059344,
      0.05148829362603165,
      0.01362299128735749,
      0.06848861858732297,
      0.03605099249389846,
      0.32998619378489363,
      0.023773420312674313,
      0.9862902767747046,
      0.05583545226585911,
      0.12423503777934639,
      0.007791452668040667,
      0.46245940635702387,
      0.049123512914577394,
      0.1412868045954916,
      3.128411792932328,
      0.008895215965111202,
      1.0392429868030708,
      0.33214710598903335,
      0.005550337845704243,
      0.0542612702996042,
      4.3679583815224605,
      1.13708131218661,
      19.253831236879005,
      0.4403640273025428,
      0.5706407994073772,
      0.35853811646581607,
      0.22498952735283498,
      0.1977513225427651,
      0.5396008770481611,
      0.19785897463710442,
      0.5175118807683458,
      0.27217194445352655,
      0.244814398715622,
      0.09773629362603348,
      0.29988571147075743,
      0.19154110619013281,
      0.2454144348514735,
      1.017924146186917,
      0.08248986045826552,
      0.7270839314229193,
      1.7660699178693582,
      1.4362572678061702,
      0.008999434328641538,
      0.14442388533308587,
      0.0827002014351548,
      0.06669318930561728,
      0.018401090591385245,
      0.7827550535729512,
      0.004878127884514136,
      0.07126674297269217,
      31.63434582183706,
      1748.677915100829,
      127727.55605803583
    ],
    [
      0.09488099624375651,
      0.12738447781331974,
      0.2305988707265157,
      5.043393366089153,
      0.49668083543520064,
      0.10341890749227199,
      0.3377506426646922,
      0.22498500932342777,
      0.12828107253388932,
      0.42974624066706196,
      0.05672269512604103,
      0.41789917036979835,
      0.11413017098810706,
      0.11044427381807247,
      0.14593873184423012,
      1.1500791543888265,
      0.39665695819381935,
      0.43751837726636,
      2.5578217279441207,
      0.4354635350784789,
      1.4585058390023804,
      2.1576123265172638,
      0.25971807115457746,
      0.4252189385029661,
      0.021073742783590855,
      0.010107170369798179,
      0.0002436169334126058,
      0.11474533279548534,
      0.00019560057193815922,
      0.013303778645660135,
      0.0015920147455410873,
      0.0003042703935790718,
      0.014357224733649771,
      0.0015903044007133944,
      0.004555475720570714,
      0.022120738645660123,
      0.07718960675505082,
      0.0029636157443520402,
      0.00860739795600486,
      0.022816430250891705,
      1e-09,
      0.0008867493472057033,
      0.0029885074922710343,
      0.003172257837098619,
      0.08674238273602713,
      0.020083796909631715,
      0.00018875039357906716,
      0.00046682739714624477,
      0.00930596268561223,
      0.09535551490297191,
      0.002093382195719381,
      0.5852187501386454,
      0.07371328578287728,
      0.4557737852587383,
      3010.4421063199607,
      106438.64282948985,
      728880.0072242576
    ]
  ],
  "priors": [
    0.6059782608695652,
    0.39402173913043476
  ],
  "eps": 1e-09
}